,Females
0,Filemina_Alchin
1,Natalie_Limunus
2,Badeea_Ali
3,Becky_Arncliffe
4,Agnes
5,Chandra_Amble
6,Alejandra_Alonso
7,Amata
8,Alice
9,Alanza_Alves
10,Pamela_Alton
11,Tamsin_Applebee
12,Maud_Ashborn
13,Sakura_Akagi
14,Ernestina_Abutor
15,Hannah_Abbott
16,Local_Sitemap
17,Amanda
18,Aged_witch
19,Rosana_Amorim
20,Zoe_Accrington
21,Cyprien_Alesi
22,Angelina_Appleby
23,Danielle_Amorinus
24,Altheda
25,Alys
26,Debbie_Amy
27,Jada_Angela
28,Rosemary_Ames
29,Asha
30,Unidentified_registered_Animagus
31,Aisha
32,Chavelle_Arbelo_Cartaya
33,Edith_Abernathy
34,Alannis
35,Jane_Austen
36,Charity_Burbage
37,Phoebe_Black
38,Concepta_Battista
39,Hetty_Bayliss
40,Borboleta
41,Betty_Burgess
42,Hesper_Black
43,Lara_Blishen
44,Flora_Buchanan
45,Lycoris_Black
46,Cedrella_Black
47,Bandon_Banshee
48,Rosalind_Bungs
49,Lucretia_Black
50,Susan_Blancheflower
51,Melinda_Bobbin
52,Araminta_Meliflua_Black
53,Katie_Bell
54,Susan_Bones
55,Beatrix_Bloxam
56,Cassiopeia_Black
57,Kajol_Bhatt
58,Nerissa_Brody
59,Mandy_Brocklehurst
60,Tabitha_Bainbridge
61,Sally_Birchgrove
62,Anne_Boleyn
63,Musidora_Barkwith
64,Charis_Black
65,Alexia_Walkin_Black
66,Sadie_Baldock
67,Fiona_Belmont
68,Amelia_Bones
69,Ball_Guest
70,Amy_Benson
71,Bespectacled_Slytherin_girl
72,Yvonne_Bampton
73,Belvina_Black
74,Bunty_Broadacre
75,Allison_Barnes
76,Elladora_Black
77,Britannia
78,Violetta_Bulstrode
79,Callidora_Black
80,Bernadette_Beauchene
81,Iola_Black
82,Druella_Black
83,Bean
84,Genevieve_Bladt
85,Kursten_Blijk
86,Brindlemore
87,Betty_Bickering
88,Bonhabille
89,Jordanna_Bodiment
90,Bernadette
91,Bathsheda_Babbling
92,Justine_Britnell
93,Trisha_Buttermere
94,Boyle
95,Kquewanda_Bailey
96,Local_Sitemap
97,Seraphina_Bones
98,Sylvian_Boigny
99,Vicky_Bishopper
100,Walburga_Black
101,Babayaga
102,Misapinoa_Black
103,Kinjal_Bhatia
104,Betty_Braithwaite
105,Mary_Lou_Barebone
106,Bridget
107,Sophie_Berger
108,Gwendoline_Babcocke
109,Sheila_Brooks
110,Eleanor_Branstone
111,Elizabeth_Burke
112,Holly_Blackbird
113,Unidentified_Big_Bean_Shack_spokeswoman
114,Chastity_Barebone
115,Beryl
116,Unidentified_witch_in_Bath
117,Modesty_Barebone
118,Celia_Barnett
119,Oona_Ballington
120,Lavender_Brown
121,Violetta_Beauvais
122,Elsie_Barrett
123,Gladys_Boothby
124,Annis_Black
125,Bathilda_Bagshot
126,Millicent_Bulstrode
127,Millicent_Bagnold
128,Dorea_Black
129,Nina_Chibbar
130,Poppy_Caxton
131,Venusia_Crickerly
132,Hestia_Carrow
133,Maisie_Cattermole
134,Phoebe_Clem
135,Diane_Carter
136,Cliodna
137,Glenda_Chittock
138,Cho_Chang
139,Angelica_Cole
140,Josefina_Calderon
141,Lisa_Cullen
142,Polly_Chapman
143,Anna_Chiwawa
144,Cas_Carneirus
145,Loretta_Cornhill
146,Flora_Carrow
147,Indira_Choudry
148,Liza_Cherks
149,Elfrida_Cragg
150,Chinese_Fireball_at_the_Magical_Creatures_Reserve
151,Ellen_Cracknell
152,Elfrida_Clagg
153,Glinda_Crook
154,Irma_Crabbe
155,Myra_Curio
156,Gerda_Curd
157,Local_Sitemap
158,Linderina_Crane
159,Crowd_outside_bakery_in_Surrey
160,Yvette_Coquelot
161,Magali_Crowe
162,Martine_Copplestone
163,Cecilia
164,Hannah_Cockleford
165,Magenta_Comstock
166,Lydia_Cooden
167,Daisy_Corran
168,Hortense_Cooper
169,Delfina_Crimp
170,Doris_Crockford
171,Penelope_Clearwater
172,Celine_Castillon
173,Agatha_Chubb
174,Circe
175,Ellie_Cattermole
176,Corrine_Cribb
177,Eunice_Cabanart
178,Greta_Catchlove
179,Camelia
180,Cecily
181,Antonia_Creaseworthy
182,Mary_Cattermole
183,Jane_Court
184,Alecto_Carrow
185,Rachael_Codnor
186,Linda_Chaddesley
187,Cole
188,Clutterbuck_Crispe
189,Mary_Doyle
190,Female_Death_Eater_at_the_Graveyard
191,Irma_Dugard
192,Emma_Dobbs
193,Shruti_Dev
194,Fleur_Delacour
195,Thora_Dinnet
196,Mable_Dwillingwort
197,Ellie_Dowson
198,Dot
199,Mabel_Dashalot
200,Nanette_Desford
201,Matilda_Dukelow
202,Delphini
203,Aurora_Dillon
204,Petunia_Dursley
205,Fay_Dunbar
206,Alison_Denbright
207,Durmstrang_girl
208,Doxy_Queen
209,Damara_Dodderidge
210,Amorette_Deneuve
211,Deliverance_Dane
212,Local_Sitemap
213,Marjorie_Dursley
214,Helen_Dawlish
215,Irene_Denholm
216,Ariana_Dumbledore
217,Alison_Denshaw
218,Kendra_Dumbledore
219,Constance_Dagworth
220,Tracey_Davis
221,Daryle
222,Blossom_Degrasse
223,Nicola_Dodworth
224,Haley_Dakota
225,Elora_Dunn
226,Danielle
227,DJ_Martha
228,Benedita_Dourado
229,Priscilla_Dupont
230,Dilys_Derwent
231,Day_maid_at_Leaky_Cauldron
232,Apolline_Delacour
233,Mary_Dorkins
234,Margot_Droope
235,Dark_witch_in_the_Forbidden_Forest
236,Jennifer_Dawn
237,Gabrielle_Delacour
238,Clodagh_Dromgoole
239,Daisy_Dodderidge
240,Elizabeth_I
241,Haruka_Endoh
242,Eliana
243,Elena_Eldritch
244,Elicia
245,Edith_Nesbit
246,Eliza
247,Esposito
248,Portrait_of_a_female_etiquette_teacher
249,Elsie
250,Hilary_Erskine
251,Elveira_Elkins
252,Rosalyn_Ewhurst
253,Unidentified_plump_little_witch_examiner
254,Felicity_Eastchurch
255,Local_Sitemap
256,Elizabeth_II
257,Annabel_Entwhistle
258,Margaret_Ettington
259,Ethel
260,Marietta_Edgecombe
261,Unidentified_female_Eeylops_Owl_Emporium_employee
262,Edgecombe
263,Lucy_Evans
264,Harriet_Ellesmere
265,Edith
266,Mimi_Erland
267,Tracie_Everson
268,Jules_Egwu
269,George_Eliot
270,Lucretia_Fawley
271,Fenella_Flowerday
272,Rhonda_Fladbury
273,Fallen_Fifty
274,Dymphna_Furmage
275,Ursula_Flint
276,Perenelle_Flamel
277,Virginia_Flowers
278,Mopsy_Fleabert
279,Florence
280,Henrietta_Fischer
281,Sara_Farnham
282,Laurentia_Fletwock
283,Perpetua_Fancourt
284,Fairy_at_the_Magical_Creatures_Reserve
285,Viola_Frierson
286,Vicky_Frobisher
287,Local_Sitemap
288,Melody_Fawley
289,Amelia_Fittleworth
290,Gemma_Farley
291,Fat_Lady
292,Franziska_Faust
293,Fawcett
294,Penelope_Fawley
295,Fortinbras
296,Arabella_Figg
297,Fridwulfa
298,Louise_Fontwell
299,Floella_Foss
300,Bella_Farley
301,Fugitive_werewolf
302,Kay_Formby
303,Natalie_Fairbourne
304,Morgan_le_Fay
305,Fugitive_Dark_Witch
306,Lydia_Fry
307,Josephina_Flint
308,Sendelina_de_la_Felino
309,Miranda_Flockton
310,Madge_Farley
311,Amy_Frome
312,Porpentina_Goldstein
313,Mathilda_Greenford
314,Mathilda_Grimblehawk
315,Romilda_Goshawk
316,Olivia_Green
317,Lady_Grieve
318,Girl_whose_quill_was_taken_by_Cedric
319,Morwena_Ganderwort
320,Elladora_Guffy
321,Glynnis_Griffiths
322,Josette_Gage
323,Goblin_family_near_Nottingham
324,Queenie_Goldstein
325,Goblin_jazz_singer
326,Mirabel_Garlick
327,Carmen_Garcia
328,Gunhilda_de_Gorsemoor
329,Daphne_Greengrass
330,Malodora_Grymm
331,Zamira_Gulch
332,Gibson
333,Tangwystl_Goshawk
334,Ghost_carollers
335,Stoyanka_Grozda
336,Ginger_Witch
337,Local_Sitemap
338,Graphorn_at_the_Magical_Creatures_Reserve
339,Cereus_Greengrass
340,Gwenog
341,Girl_who_tested_Fainting_Fancies
342,Hesper_Gamp
343,Millie_Gudabi
344,Arsenia_Gonzales
345,Glossy
346,Katrina_von_Glockenspieler
347,Eleanor_Sarah_Gibbs
348,Leonora_Gore
349,Maria_Glossop
350,Gladys_Gudgeon
351,Girl_Sorted_in_1858
352,Hermione_Granger
353,Girl_with_Flowers
354,Girl_who_played_Asha
355,Wilda_Griffiths
356,Goshawk_sisters
357,Curious_Gryffindor_girl
358,Gloomy_nuns
359,Girl_who_played_Amata
360,Lorre_Gustafson
361,Ottaline_Gambol
362,Cecilia_Gallerani
363,Miranda_Goshawk
364,Trudy_Galston
365,Diadema_Goshawk
366,Olivia_Gleaves
367,Gormlaith_Gaunt
368,Aquila_Greengrass
369,Cordelia_Gifford
370,Gwendoline_Hedgeflower
371,Rolanda_Hooch
372,Hope_Howell
373,Mafalda_Hopkirk
374,Honoria
375,Lucy_Hurst
376,Beatrice_Haywood
377,Veronica_Heap
378,Violetta_Hobday
379,Penny_Haywood
380,Thelma_Holmes
381,Minaka_Hirakata
382,Susanna_Hesleden
383,Shanice_Higgins
384,Natalie_Holkham
385,Dinah_Hecat
386,Hungarian_Horntail_in_the_Dragon_Sanctuary
387,Grizel_Hurtz
388,Hedwig
389,Tamsin_Hillicker
390,Yurika_Haneda
391,Unidentified_Hufflepuff_lady
392,Local_Sitemap
393,Hester
394,Joyce_Haddock
395,Hokey
396,Heather
397,Matildus_Heizenbert
398,Kelly_Harborne
399,Olive_Hornby
400,Iola_Hillicker
401,Zelda_Hum
402,Helixa_Hyslop
403,Kay_Hurwitz
404,Syna_Hyslop
405,Bethany_Harrison
406,Daisy_Hookum
407,Eulalie_Hicks
408,Betty_Huxley
409,Unidentified_Hufflepuff_girl_at_the_Battle_of_Hogwarts
410,Hogwarts_school_mice
411,Helga_Hufflepuff
412,Doris_Irlam
413,Imelda
414,Iris
415,Clara_Ivanova
416,Margaretta_Ironbark
417,Ice_cream_seller
418,Local_Sitemap
419,Manami_Ichijoh
420,Megan_Jones
421,Bertha_Jorkins
422,Hestia_Jones
423,Josephine_Kay
424,Griselda_Jorkins
425,Nola_Johnston
426,Primrose_Jorkins
427,Jody_Jacknife
428,Eugenia_Jenkins
429,Ella_Jo
430,Nandini_Johar
431,Local_Sitemap
432,Mary_Jauncey
433,Jackie_Jernigan
434,Gwenog_Jones
435,Angelina_Johnson
436,Josephine
437,Anjali_Kapoor
438,Tomoko_Kajiwara
439,Irene_Kneedander
440,Noreen_Kirkby
441,Trupti_Kadam
442,Gertie_Keddle
443,Sigrid_Kristoffersen
444,Rosa_Karasu
445,Asgeir_Knutsen
446,Zubeida_Khan
447,Local_Sitemap
448,Gunhilda_Kneen
449,Kellah
450,Andrea_Kegworth
451,Laurena_Kama
452,Joan_Kerridge
453,Katie_Killick
454,Tulip_Karasu
455,Hilda_Kendrick
456,Lucy_Karoonda
457,Josette_Kelius
458,Mary_Karasu
459,Kimiko_Kurosawa
460,Elladora_Ketteridge
461,Sarah_Kempston
462,Diane_Launier
463,Leta_Lestrange
464,Luminosa_Lestrange
465,Scarlett_Lympsham
466,Mattie_Lovett
467,Chiara_Lobosca
468,Lucy_Lanyon
469,Eglantine_Lestrange
470,Jodelle_Lestrange
471,Viola_Landers
472,Alice_Longbottom
473,Louise
474,Hildegarde_Lafarge
475,Artemisia_Lufkin
476,Lisette_de_Lapin
477,Mina_Lima
478,Augusta_Longbottom
479,Ana_de_Lebron
480,Darenne_Lestrange
481,Luna_Lovegood
482,Leanne
483,Local_Sitemap
484,Bellatrix_Lestrange
485,Laura
486,Jacqueline_Lejeune
487,Leaky_Cauldron_bartender
488,Clarisse_Lestrange
489,Sue_Li
490,Fifi_LaFolle
491,Heloise_Lestrange
492,Landlady_of_the_Green_Dragon
493,Tina_Lundstrom
494,Pandora_Lovegood
495,Trinity_Lynn
496,Lauren
497,Mercy_Lewis
498,Fortunade_Lestrange
499,Enid_Longbottom
500,Leesk
501,Quintilla_Lestrange
502,Sinistra_Lowe
503,Luisa
504,Ermessende_Lestrange
505,Roberta_Lutterworth
506,Anita_Macduff
507,Maiden
508,Elizabeth_McGilliguddy
509,Adelaide_Murton
510,Hortensia_Milliphutt
511,Agnes_Monkleigh
512,Dotty_McNiven
513,Selina_Moore
514,Mary
515,Narcissa_Malfoy
516,Tilly_Monk
517,Magical_Menagerie_saleswoman
518,Marlow
519,Morag_MacDougal
520,Kylie_Meadows
521,Pippa_Macmillan
522,Malkin
523,Minerva
524,Marsh
525,Helen_Monroe
526,Annalena_Gleam
527,Murcus
528,Dorcas_Meadowes
529,Merqueen
530,Natalie_McDonald
531,Melania_Macmillan
532,Alexis_Marie
533,Eupraxia_Mole
534,Maerwynn_Montfort
535,Elspeth_MacGillony
536,Miraphorus
537,Valeria_Myriadd
538,Ruth_Mina
539,Catriona_McCormack
540,Mafalda
541,Maeve
542,Cordelia_Misericordia
543,Moran
544,Mills
545,Marilyn
546,Eunice_Murray
547,Milly
548,Maud_Montague
549,Mother_of_boy_who_owned_a_magic_hamster
550,Josephine_Marat
551,Heidi_Macavoy
552,Mary_I
553,Marigold
554,Joan_Maguire_Cook
555,Katherine_Mansfield
556,Hisana_Malachela
557,Mona_Lisa
558,Mathilde_Mallard
559,Ella_Max
560,Astoria_Malfoy
561,Valmai_Morgan
562,Mary_Macdonald
563,Muggle_at_Millennium_Bridge
564,Daphne_Mauboisan
565,Morag
566,Cassandra_Mason
567,Minerva_McGonagall
568,Levina_Monkstanley
569,Anna_Mirfield
570,Morrigan
571,Gwendolyn_Morgan
572,Local_Sitemap
573,Sisi_Makerere
574,Mullet
575,Marlene_McKinnon
576,Magee
577,Debbie_Muntz
578,Eloise_Midgen
579,Eduaphora_Mergus
580,Mary_II
581,Montgomery_sisters
582,Meaghan_McCormack
583,Laura_Madley
584,Elizabeth_Mkapa
585,Katura_Melkor
586,Emily_Mather
587,Ismelda_Murk
588,Eloise_Mintumble
589,Lily_Moon
590,Melusine
591,Mosag
592,Sunita_Mistry
593,Muggle_residents_of_Budleigh_Babberton
594,Laverne_de_Montmorency
595,Glynis_Mexborough
596,Maud_Montagu
597,Gertrude_Meads
598,Daphne_Maldon
599,Sylvia_Melville
600,Maria_Monteith
601,Gabriella_Mather
602,Elsbeth_McCormick
603,Galatea_Merrythought
604,Lilith_Molesby
605,Quintia_McQuoid
606,Gianna_Grace_Marie
607,Muriel
608,Olympe_Maxime
609,Griselda_Marchbanks
610,Night_maid_at_the_Leaky_Cauldron
611,Orabella_Nuttley
612,Nagini
613,Charlesetta_Nagy
614,Amber_Noel
615,Naasz
616,Norberta
617,Abigail_Nicola
618,Honoria_Nutcombe
619,Mrs_Norris
620,Local_Sitemap
621,Agnes_Nutt
622,Grace_Nutley
623,Edith_Newton
624,Tracey_Nettlebed
625,Natalya
626,Nina
627,Nigelle_le_Narcissique
628,Mallory_Norden
629,Ignis_Nagy
630,Zenobia_Noke
631,Evangeline_Orpington
632,Owner_of_7_Privet_Drive
633,Idris_Oakby
634,Madeline_Ormskirk
635,Kate_Olney
636,Mercy_Ojukwu
637,Gondoline_Oliphant
638,Gillian_Ossett
639,Owner_of_the_Railview_Hotel
640,Nerys_Orpington
641,Aliko_Okoye
642,Local_Sitemap
643,Oona
644,Anji_Oliver
645,Erika_Ostensen
646,Nellie_Oggspire
647,Old_Mother_Hubbard
648,Natsai_Onai
649,Hecate_Oakham
650,Peasant_woman
651,Paper_shop_girl
652,Julie_Parkes
653,Swati_Pevekar
654,Doris_Purkiss
655,Daisy_Pennifold
656,Constance_Pickering
657,Petrova_Porskoff
658,Potage
659,Portrait_of_a_witch_in_a_meadow
660,Skye_Parkin
661,Portrait_of_a_witch_in_green
662,Prudence
663,Iolanthe_Peverell
664,Manon_Perrot
665,Sophia_Prickett
666,Seraphina_Picquery
667,Portrait_of_a_group_of_journeying_wizards
668,Portrait_of_a_group_of_women_in_crinolines
669,Portrait_of_a_mermaid
670,Portrait_of_wailing_women
671,Eileen_Prince
672,Janice_Pepper
673,Pidgron_sisters
674,Amanda_Pettet
675,Odile_Perrot
676,Irma_Pince
677,Gayle_Pocklington
678,Poppy_Pomfrey
679,Puddifoot
680,Ona_Parangyo
681,Laurelle_Perrot
682,Eglantine_Puffett
683,Local_Sitemap
684,Poppy
685,Gladys_Prescott
686,Euphemia_Potter
687,Carlotta_Pinkstone
688,Unidentified_princess
689,Lenelle_Paraison
690,Portrait_of_a_witch_in_Pompadour_hairstyle
691,Huguette_Perrot
692,Gethsemane_Prickle
693,Kaleena_Page
694,Portrait_of_three_young_ladies
695,Paloma_Proudfoot
696,Blythe_Parkin
697,Padma_Patil
698,Jodie_Pritchard
699,Parry
700,Potions_Club_girl
701,Elsie_Prod
702,Madhumati_Parmar
703,Mirabella_Plunkett
704,Bhavana_Patel
705,Pansy_Parkinson
706,Mildred_Peebles
707,Parvati_Patil
708,Portrait_of_a_witch_flying_to_the_moon
709,Portrait_of_two_lovers_in_a_graveyard
710,Primpernelle
711,Ursula_Penkridge
712,Caroline_Purvis
713,Enid_Pettigrew
714,Portrait_of_a_family
715,Esme_Page
716,Portrait_of_a_mother_and_baby
717,Abigail_Pugh
718,Iris_Pius
719,Edna_Patridge
720,Arlene_Piper
721,Amina_Qureshi
722,Hayley_Quentin
723,Quintia_Qarase
724,Orla_Quirke
725,Local_Sitemap
726,Rowena_Rowle
727,Genevieve_Ramsey
728,Unidentified_female_reporter
729,Rosmerta
730,Demelza_Robins
731,Ophelia_Rushden
732,Helena_Ravenclaw
733,Euphemia_Rowle
734,Isodora_Rose
735,Patricia_Rakepick
736,Muriel_Rothley
737,Symposia_Rawle
738,Mnemone_Radford
739,Katie_Rayknolls
740,Sophie_Roper
741,Asma_Rahman
742,Viola_Richmond
743,Emily_Rappaport
744,Rachel
745,Merope_Riddle
746,Local_Sitemap
747,Concordia_Rowle
748,Erika_Rath
749,Vinda_Rosier
750,Hemani_Roshan
751,Alexandra_Rokonski
752,Nerida_Roberts
753,Babbitty_Rabbitty
754,Rebecca
755,Isobel_Ross
756,Regina_Rowle
757,Megan_Rowstock
758,Rosie
759,Runcorn
760,Mary_Riddle
761,Nellie_Lo_Russell
762,Rebecca_Ramsea
763,Minette_Lestrange
764,Maisy_Reynolds
765,Hortense_Rowland
766,Nienna_Robins
767,Rowena_Ravenclaw
768,Modesty_Rabnott
769,Yolanda_Reedham
770,Berthilde_Roche
771,Latisha_Randle
772,Unidentified_Ravenclaw_lady
773,Melanie_Stanmore
774,Hazel_Stickney
775,Violeta_Stitch
776,Theresa_Stadt
777,Brunhilde_Stokke
778,Anne_Sallow
779,Alannis_Shepley
780,Marina_Sanchez
781,Elicia_Scales
782,Ashley_Sanders
783,Selina
784,Kaori_Shimizu
785,Wendy_Slinkhard
786,Narinder_Singh
787,Dodie_Smith
788,Chie_Shinohara
789,Archana_Shetty
790,Stevens
791,Lara_Sigg
792,Susie_Sooth
793,Alicia_Spinnet
794,Miriam_Strout
795,Serpent_of_Slytherin
796,Rionach_Sayre
797,Lydia_Scarlett
798,Skower
799,Martha_Steward
800,Carmilla_Sanguina
801,Poonima_Shah
802,Reiko_Shibazaki
803,Aurora_Sinistra
804,Smeltings_nurse
805,Hesper_Starkey
806,Sophie_Duchamps
807,Lara_Von_Sigg
808,Pomona_Sprout
809,Isolt_Sayre
810,Sharon
811,Rita_Skeeter
812,Lisbeth_Scintilla
813,Dorothy_Sheridan
814,Elizabeth_Smudgling
815,Maisie_Sheppard
816,Olivia_Shardlow
817,Noriko_Sato
818,Leticia_Somnolens
819,Martha_Steward_II
820,Silvia
821,Local_Sitemap
822,Merula_Snyde
823,Staring_Muggle
824,Kim_Sheringham
825,Veronica_Smethley
826,Scarlett_Sparks
827,Natsumi_Suzuki
828,Megan_Scott
829,Jocunda_Sykes
830,Sally_Smith
831,Cecil_Shetland
832,Phyllida_Spore
833,Ruby_Sheldon
834,Georgina_Smyth
835,Selina_Sapworthy
836,Emma_Squiggle
837,Aki_Sugiyama
838,Sylvia
839,Edessa_Sakndenberg
840,Eleanora_Shanks
841,Ninon_Saucet
842,Unidentified_female_Seer
843,Tabitha_Snackwright
844,Imogen_Stretton
845,Erica_Stainwright
846,Lisa_Smith
847,Sofie
848,Squibbert
849,Poppy_Sweeting
850,Shania_Shaw
851,Leopoldina_Smethwyck
852,Ariel_Singleton
853,Hepzibah_Smith
854,Rionach_Steward
855,Shepherdess
856,Lynette_Sawley
857,Squawk
858,Patricia_Stimpson
859,Satinder_Singh
860,Bethany_Swordbane
861,Scarlet_Sharp
862,Kitty_Sharp
863,Dinah_Stevenson
864,Enid_Smeek
865,Isabella_Tintwistle
866,Tubbs
867,Robyn_Thistlethwaite
868,Leonie_Tremblay
869,Heather_Thatcham
870,Nymphadora_Tonks
871,Sujita_Tande
872,Tabitha_Tabella
873,Keiko_Takahashi
874,Wilhelmina_Tuft
875,Agatha_Timms
876,Lottie_Turner
877,Emily_Tyler
878,Tessie
879,Emily_Taylor
880,Laura_Thorn
881,Lina_Tande
882,Lesley_Toddington
883,Local_Sitemap
884,Penelope_Taylor
885,Catherine_Tyler
886,Alberta_Toothill
887,Helen_Thistlewood
888,Lana_Tuttle
889,Trolley_Witch
890,Violet_Tillyman
891,Clara_Thompson
892,Sacharissa_Tugwood
893,Bronwyn_Trigg
894,Agatha_Thrussington
895,Felicitania_Tugwood
896,Sybill_Trelawney
897,Magenta_Tripe
898,The_Fates
899,Andromeda_Tonks
900,Miyuki_Tsuji
901,Lisa_Turpin
902,Daisy_Twemlove
903,Cassandra_Trelawney
904,Lucinda_Talkalot
905,Dorcus_Twelvetrees
906,Siobhan_Templeton
907,Jessica_Tring
908,Tyra_Teegarden
909,Tilly_Toke
910,Two_little_witches
911,Wilhemina_Twigge
912,Liz_Tuttle
913,Unidentified_dragonologist
914,Unidentified_Narragansett_mother
915,Unidentified_sleeping_Headmistress_with_sphere
916,Unidentified_Muggle_child_in_Zoo
917,Unidentified_Narragansett_children
918,Unidentified_female_Chinese_Fireball
919,Dolores_Umbridge
920,Unidentified_female_Common_Welsh_Green
921,Unidentified_Ravenclaw_girl_in_1932
922,Unidentified_old_woman_during_the_Battle_of_Hogwarts
923,Unidentified_Gryffindor_lady
924,Unidentified_Muggle_family
925,Unidentified_MACUSA_Aurors
926,Unidentified_ghosts
927,Unidentified_little_girl
928,Unidentified_housewife
929,Unidentified_soap_actress
930,Unidentified_female_Antipodean_Opaleye
931,Unidentified_Beauxbatons_students
932,Unidentified_daughter
933,Unidentified_girl_during_the_Battle_of_Hogwarts
934,Unidentified_Merwoman_at_the_Great_Lake
935,Unidentified_Head_Girl
936,Unidentified_Muggle_woman_about_the_train_to_Kettering
937,Unidentified_Muggle_woman_looking_at_Rubeus_Hagrid_in_1991
938,Unidentified_Hogwarts_students_at_the_Battle_of_Hogwarts
939,Unidentified_Daily_Prophet_journalist
940,Unidentified_blonde_Slytherin_girl
941,Unidentified_British_waitress
942,Unidentified_female_Snatcher_during_the_Battle_of_Hogwarts
943,Unidentified_Gryffindor_beater
944,Unidentified_Hogwarts_students_killed_on_the_seventh_floor
945,Unidentified_Ravenclaw_student_asked_to_the_Yule_Ball_by_a_Durmstrang_student
946,Unidentified_sleeping_Headmistress_with_rings
947,Local_Sitemap
948,Unidentified_French_Ministry_of_Magic_receptionist
949,Unidentified_Ravenclaw_girl_during_the_Battle_of_Hogwarts
950,Unidentified_five_Aurors
951,Unidentified_Qilin_mother
952,Unidentified_sleeping_Headmistress_with_wand
953,Unidentified_female_Hungarian_Horntail
954,Unidentified_Ravenclaw_black_girl_during_the_Battle_of_Hogwarts
955,Unidentified_pamphlet_maker_witch
956,Unidentified_Hogwarts_employees
957,Unidentified_woman_in_a_red_dress_during_the_Battle_of_Hogwarts
958,Unidentified_Prefect
959,Unidentified_Gryffindor_Prefect
960,Unidentified_female_Customer_in_Bakery
961,Unidentified_Hogwarts_Healers
962,Unidentified_children_in_the_MACUSA_headquarters
963,Unidentified_Petrified_Gryffindor_girl
964,Unidentified_Beater
965,Unidentified_Sudanese_Obscurial
966,Unidentified_Thestrals
967,Unidentified_two_elderly_Wizengamot_witches
968,Unidentified_young_wife
969,Unidentified_dame_soothsayer
970,Unidentified_Muggle_girl_from_Liverpool
971,Unidentified_Muggle_woman_on_Chertsey_train
972,Unidentified_grandmother
973,Unidentified_female_Council_of_Magical_Law_juror
974,Unidentified_florist_in_Diagon_Alley
975,Unidentified_guide
976,Unidentified_studying_girls
977,Viking_Girl
978,Veronica_Vexmoor
979,Septima_Vector
980,Voice_of_lift_at_the_Ministry_of_Magic
981,Nerida_Vulchanova
982,Verity
983,Villanelle
984,Elsie_Valentine_Schroeder
985,Louise_Van_Hawe
986,Cassandra_Vablatsky
987,Romilda_Vane
988,Emmeline_Vance
989,Local_Sitemap
990,Vibes_Twins
991,Victoria
992,Valerie_Valion
993,Cordelia_Vexmoor
994,Violet
995,Zara_Valli
996,Nikola_Vassileva
997,Cassandra_Vole
998,Shizuka_Watanabe
999,Victoire_Weasley
1000,Wool_woman
1001,Molly_Weasley
1002,Kelly_Whakkaarangapawarau
1003,Nicola_Wells
1004,Molly_Weasley_II
1005,Ida_Webb
1006,Alexandra_Walker
1007,Winifred_Warrington
1008,Wandless
1009,Woman_at_Wedding_of_Bill_and_Fleur
1010,Joscelind_Wadcock
1011,Ginevra_Weasley
1012,Ivy_Warrington
1013,Dominique_Weasley
1014,Dawn_Withey
1015,Ruth_Winikus
1016,Waitress_at_Luchino_Caffe
1017,Mercy_Wardwell
1018,Celestina_Warbeck
1019,Phylis_Whitehead
1020,Wendelin_the_Weird
1021,Dora_Williams
1022,Local_Sitemap
1023,Daphne_Wenlock
1024,Portrait_of_a_female_nurse_in_the_hospital_wing
1025,Weasley_family_chickens
1026,Winifred_Haywood
1027,Wakanda
1028,Dorcas_Wellbeloved
1029,Wiggins
1030,Roxanne_Weasley
1031,Heliotrope_Wilkins
1032,Witch_and_Wizard_Couple
1033,Wailing_Widow
1034,Winky
1035,Ignatia_Wildsmith
1036,Winifred_Whittle
1037,Witch_with_a_hairy_chin
1038,Saranna_Wilkinson
1039,Waitress_at_Treats
1040,Ella_Wilkins
1041,Lady_Wimborne
1042,Charity_Wilkinson
1043,Audrey_Weasley
1044,Lucy_Weasley
1045,Myrtle_Warren
1046,Jennifer_Winston
1047,Woman_tended_by_bald_man
1048,Bridget_Wenlock
1049,Heliotrope_Willis
1050,Rose_Wax
1051,Wainscott
1052,Octavia_Xeep
1053,Local_Sitemap
1054,Zenith_Xeep
1055,Young_woman
1056,Mizuho_Yoshii
1057,Young_witch_maid
1058,Local_Sitemap
1059,Lysandra_Yaxley
1060,Pauline_Yarrow
1061,Yvonne
1062,Rose_Zeller
1063,Ya_Zhou
1064,Dinaz_Zac
1065,Rawya_Zaghloul
1066,Local_Sitemap
